row ID,TruePositives,FalsePositives,TrueNegatives,FalseNegatives,Recall,Precision,Sensitivity,Specifity,F-measure,Accuracy,Cohen's kappa,,,
0,7496,295,7215,0,1,0.962135798,1,0.960719041,0.980702558,,,,,
1,6095,62,8585,264,0.958484038,0.989930161,0.958484038,0.992829883,0.97395334,,,,,
2,663,4,14278,61,0.915745856,0.994002999,0.915745856,0.999719927,0.953271028,,,,,
3,282,0,14698,26,0.915584416,1,0.915584416,1,0.955932203,,,,,
4,52,0,14950,4,0.928571429,1,0.928571429,1,0.962962963,,,,,
5,28,0,14974,4,0.875,1,0.875,1,0.933333333,,,,,
6,21,0,14984,1,0.954545455,1,0.954545455,1,0.976744186,,,,,
7,2,0,15003,1,0.666666667,1,0.666666667,1,0.8,,,,,
8,3,0,15003,0,1,1,1,1,1,,,,,
9,3,0,15003,0,1,1,1,1,1,,,,,
Overall,,,,,,,,,,0.975942956,0.957362701,,,1
0,7143,2930,4580,353,0.952908218,0.709123399,0.952908218,0.609853529,0.813136775,,,,,
1,3809,913,7734,2550,0.598993552,0.806649725,0.598993552,0.894414248,0.687483079,,,,,
2,121,33,14249,603,0.167127072,0.785714286,0.167127072,0.997689399,0.275626424,,,,,
3,46,5,14693,262,0.149350649,0.901960784,0.149350649,0.999659818,0.256267409,,,,,
4,5,1,14949,51,0.089285714,0.833333333,0.089285714,0.99993311,0.161290323,,,,,
5,0,0,14974,32,0,,0,1,,,,,,
6,0,0,14984,22,0,,0,1,,,,,,
7,0,0,15003,3,0,,0,1,,,,,,
8,0,0,15003,3,0,,0,1,,,,,,
9,0,0,15003,3,0,,0,1,,,,,,
Overall,,,,,,,,,,0.741303479,0.512598536,,,2
0,6525,2649,4861,971,0.870464248,0.711249182,0.870464248,0.647270306,0.782843431,,,,,
1,4131,1471,7176,2228,0.649630445,0.737415209,0.649630445,0.829883196,0.690744921,,,,,
2,114,44,14238,610,0.157458564,0.721518987,0.157458564,0.996919199,0.258503401,,,,,
3,49,14,14684,259,0.159090909,0.777777778,0.159090909,0.999047489,0.264150943,,,,,
4,6,3,14947,50,0.107142857,0.666666667,0.107142857,0.999799331,0.184615385,,,,,
5,0,0,14974,32,0,,0,1,,,,,,
6,0,0,14984,22,0,,0,1,,,,,,
7,0,0,15003,3,0,,0,1,,,,,,
8,0,0,15003,3,0,,0,1,,,,,,
9,0,0,15003,3,0,,0,1,,,,,,
Overall,,,,,,,,,,0.721378115,0.480001304,,,3
0,6521,3071,4439,975,0.86993063,0.679837364,0.86993063,0.591078562,0.763225655,,,,,
1,3665,1585,7062,2694,0.576348482,0.698095238,0.576348482,0.816699433,0.631406667,,,,,
2,74,44,14238,650,0.102209945,0.627118644,0.102209945,0.996919199,0.175771971,,,,,
3,22,17,14681,286,0.071428571,0.564102564,0.071428571,0.99884338,0.126801153,,,,,
4,5,2,14948,51,0.089285714,0.714285714,0.089285714,0.999866221,0.158730159,,,,,
5,0,0,14974,32,0,,0,1,,,,,,
6,0,0,14984,22,0,,0,1,,,,,,
7,0,0,15003,3,0,,0,1,,,,,,
8,0,0,15003,3,0,,0,1,,,,,,
9,0,0,15003,3,0,,0,1,,,,,,
Overall,,,,,,,,,,0.68552579,0.408883255,,,4
0,6313,2981,4529,1183,0.842182497,0.679255434,0.842182497,0.603062583,0.751995235,,,,,
1,3791,1809,6838,2568,0.596162919,0.676964286,0.596162919,0.790794495,0.633999498,,,,,
2,58,31,14251,666,0.080110497,0.651685393,0.080110497,0.997829436,0.142681427,,,,,
3,10,8,14690,298,0.032467532,0.555555556,0.032467532,0.999455708,0.061349693,,,,,
4,3,2,14948,53,0.053571429,0.6,0.053571429,0.999866221,0.098360656,,,,,
5,0,0,14974,32,0,,0,1,,,,,,
6,0,0,14984,22,0,,0,1,,,,,,
7,0,0,15003,3,0,,0,1,,,,,,
8,0,0,15003,3,0,,0,1,,,,,,
9,0,0,15003,3,0,,0,1,,,,,,
Overall,,,,,,,,,,0.678062108,0.395034239,,,5
0,6366,3160,4350,1130,0.849252935,0.668276296,0.849252935,0.579227696,0.747973211,,,,,
1,3585,1800,6847,2774,0.563767888,0.665738162,0.563767888,0.791835319,0.610524523,,,,,
2,47,33,14249,677,0.064917127,0.5875,0.064917127,0.997689399,0.116915423,,,,,
3,5,9,14689,303,0.016233766,0.357142857,0.016233766,0.999387672,0.031055901,,,,,
4,1,0,14950,55,0.017857143,1,0.017857143,1,0.035087719,,,,,
5,0,0,14974,32,0,,0,1,,,,,,
6,0,0,14984,22,0,,0,1,,,,,,
7,0,0,15003,3,0,,0,1,,,,,,
8,0,0,15003,3,0,,0,1,,,,,,
9,0,0,15003,3,0,,0,1,,,,,,
Overall,,,,,,,,,,0.666666667,0.371712592,,,6
0,6233,3141,4369,1263,0.831510139,0.664924259,0.831510139,0.581757656,0.738944873,,,,,
1,3627,1929,6718,2732,0.5703727,0.652807775,0.5703727,0.77691685,0.608812421,,,,,
2,37,28,14254,687,0.051104972,0.569230769,0.051104972,0.99803949,0.093789607,,,,,
3,6,4,14694,302,0.019480519,0.6,0.019480519,0.999727854,0.037735849,,,,,
4,1,0,14950,55,0.017857143,1,0.017857143,1,0.035087719,,,,,
5,0,0,14974,32,0,,0,1,,,,,,
6,0,0,14984,22,0,,0,1,,,,,,
7,0,0,15003,3,0,,0,1,,,,,,
8,0,0,15003,3,0,,0,1,,,,,,
9,0,0,15003,3,0,,0,1,,,,,,
Overall,,,,,,,,,,0.660002666,0.359495502,,,7
0,6247,3257,4253,1249,0.833377801,0.657302189,0.833377801,0.566311585,0.734941176,,,,,
1,3516,1936,6711,2843,0.552917125,0.644900954,0.552917125,0.77610732,0.595377191,,,,,
2,24,18,14264,700,0.033149171,0.571428571,0.033149171,0.998739672,0.062663185,,,,,
3,5,2,14696,303,0.016233766,0.714285714,0.016233766,0.999863927,0.031746032,,,,,
4,1,0,14950,55,0.017857143,1,0.017857143,1,0.035087719,,,,,
5,0,0,14974,32,0,,0,1,,,,,,
6,0,0,14984,22,0,,0,1,,,,,,
7,0,0,15003,3,0,,0,1,,,,,,
8,0,0,15003,3,0,,0,1,,,,,,
9,0,0,15003,3,0,,0,1,,,,,,
Overall,,,,,,,,,,0.652605624,0.343938321,,,8
0,6182,3265,4245,1314,0.82470651,0.654387636,0.82470651,0.565246338,0.729740896,,,,,
1,3514,2004,6643,2845,0.55260261,0.636824937,0.55260261,0.768243321,0.591731919,,,,,
2,16,18,14264,708,0.022099448,0.470588235,0.022099448,0.998739672,0.042216359,,,,,
3,2,3,14695,306,0.006493506,0.4,0.006493506,0.999795891,0.012779553,,,,,
4,1,1,14949,55,0.017857143,0.5,0.017857143,0.99993311,0.034482759,,,,,
5,0,0,14974,32,0,,0,1,,,,,,
6,0,0,14984,22,0,,0,1,,,,,,
7,0,0,15003,3,0,,0,1,,,,,,
8,0,0,15003,3,0,,0,1,,,,,,
9,0,0,15003,3,0,,0,1,,,,,,
Overall,,,,,,,,,,0.647407704,0.33419972,,,9
0,6201,3363,4147,1295,0.827241195,0.648368883,0.827241195,0.552197071,0.726963658,,,,,
1,3412,1999,6648,2947,0.536562353,0.630567363,0.536562353,0.768821557,0.579779099,,,,,
2,16,10,14272,708,0.022099448,0.615384615,0.022099448,0.999299818,0.042666667,,,,,
3,2,3,14695,306,0.006493506,0.4,0.006493506,0.999795891,0.012779553,,,,,
4,0,0,14950,56,0,,0,1,,,,,,
5,0,0,14974,32,0,,0,1,,,,,,
6,0,0,14984,22,0,,0,1,,,,,,
7,0,0,15003,3,0,,0,1,,,,,,
8,0,0,15003,3,0,,0,1,,,,,,
9,0,0,15003,3,0,,0,1,,,,,,
Overall,,,,,,,,,,0.641809943,0.322546021,,,10
0,6154,3369,4141,1342,0.820971185,0.646224929,0.820971185,0.551398136,0.723191727,,,,,
1,3417,2036,6611,2942,0.53734864,0.626627544,0.53734864,0.764542616,0.578564172,,,,,
2,12,14,14268,712,0.016574586,0.461538462,0.016574586,0.999019745,0.032,,,,,
3,2,2,14696,306,0.006493506,0.5,0.006493506,0.999863927,0.012820513,,,,,
4,0,0,14950,56,0,,0,1,,,,,,
5,0,0,14974,32,0,,0,1,,,,,,
6,0,0,14984,22,0,,0,1,,,,,,
7,0,0,15003,3,0,,0,1,,,,,,
8,0,0,15003,3,0,,0,1,,,,,,
9,0,0,15003,3,0,,0,1,,,,,,
Overall,,,,,,,,,,0.638744502,0.316980994,,,11
0,6169,3440,4070,1327,0.822972252,0.64200229,0.822972252,0.541944075,0.721309559,,,,,
1,3345,2030,6617,3014,0.526026105,0.622325581,0.526026105,0.765236498,0.57013806,,,,,
2,11,8,14274,713,0.01519337,0.578947368,0.01519337,0.999439854,0.02960969,,,,,
3,1,2,14696,307,0.003246753,0.333333333,0.003246753,0.999863927,0.006430868,,,,,
4,0,0,14950,56,0,,0,1,,,,,,
5,0,0,14974,32,0,,0,1,,,,,,
6,0,0,14984,22,0,,0,1,,,,,,
7,0,0,15003,3,0,,0,1,,,,,,
8,0,0,15003,3,0,,0,1,,,,,,
9,0,0,15003,3,0,,0,1,,,,,,
Overall,,,,,,,,,,0.634812742,0.308715669,,,12
0,6154,3421,4089,1342,0.820971185,0.642715405,0.820971185,0.544474035,0.720988811,,,,,
1,3364,2047,6600,2995,0.529013996,0.621696544,0.529013996,0.763270498,0.57162277,,,,,
2,9,9,14273,715,0.012430939,0.5,0.012430939,0.999369836,0.02425876,,,,,
3,1,1,14697,307,0.003246753,0.5,0.003246753,0.999931964,0.006451613,,,,,
4,0,0,14950,56,0,,0,1,,,,,,
5,0,0,14974,32,0,,0,1,,,,,,
6,0,0,14984,22,0,,0,1,,,,,,
7,0,0,15003,3,0,,0,1,,,,,,
8,0,0,15003,3,0,,0,1,,,,,,
9,0,0,15003,3,0,,0,1,,,,,,
Overall,,,,,,,,,,0.634946022,0.30912461,,,13
0,6158,3450,4060,1338,0.821504803,0.64092423,0.821504803,0.540612517,0.720065482,,,,,
1,3330,2051,6596,3029,0.523667243,0.618844081,0.523667243,0.76280791,0.567291312,,,,,
2,7,9,14273,717,0.009668508,0.4375,0.009668508,0.999369836,0.018918919,,,,,
3,1,0,14698,307,0.003246753,1,0.003246753,1,0.006472492,,,,,
4,0,0,14950,56,0,,0,1,,,,,,
5,0,0,14974,32,0,,0,1,,,,,,
6,0,0,14984,22,0,,0,1,,,,,,
7,0,0,15003,3,0,,0,1,,,,,,
8,0,0,15003,3,0,,0,1,,,,,,
9,0,0,15003,3,0,,0,1,,,,,,
Overall,,,,,,,,,,0.632813541,0.304768382,,,14
0,6145,3453,4057,1351,0.819770544,0.640237549,0.819770544,0.540213049,0.718965719,,,,,
1,3314,2080,6567,3045,0.521151124,0.614386355,0.521151124,0.759454146,0.563941121,,,,,
2,3,8,14274,721,0.004143646,0.272727273,0.004143646,0.999439854,0.008163265,,,,,
3,1,2,14696,307,0.003246753,0.333333333,0.003246753,0.999863927,0.006430868,,,,,
4,0,0,14950,56,0,,0,1,,,,,,
5,0,0,14974,32,0,,0,1,,,,,,
6,0,0,14984,22,0,,0,1,,,,,,
7,0,0,15003,3,0,,0,1,,,,,,
8,0,0,15003,3,0,,0,1,,,,,,
9,0,0,15003,3,0,,0,1,,,,,,
Overall,,,,,,,,,,0.630614421,0.300576904,,,15
0,6140,3467,4043,1356,0.819103522,0.63911731,0.819103522,0.538348868,0.71800269,,,,,
1,3299,2086,6561,3060,0.518792263,0.612627669,0.518792263,0.758760264,0.561818801,,,,,
2,3,8,14274,721,0.004143646,0.272727273,0.004143646,0.999439854,0.008163265,,,,,
3,1,2,14696,307,0.003246753,0.333333333,0.003246753,0.999863927,0.006430868,,,,,
4,0,0,14950,56,0,,0,1,,,,,,
5,0,0,14974,32,0,,0,1,,,,,,
6,0,0,14984,22,0,,0,1,,,,,,
7,0,0,15003,3,0,,0,1,,,,,,
8,0,0,15003,3,0,,0,1,,,,,,
9,0,0,15003,3,0,,0,1,,,,,,
Overall,,,,,,,,,,0.629281621,0.297992872,,,16
0,6122,3448,4062,1374,0.816702241,0.639707419,0.816702241,0.540878828,0.7174499,,,,,
1,3318,2106,6541,3041,0.521780154,0.611725664,0.521780154,0.756447323,0.563184248,,,,,
2,5,5,14277,719,0.006906077,0.5,0.006906077,0.999649909,0.013623978,,,,,
3,1,1,14697,307,0.003246753,0.5,0.003246753,0.999931964,0.006451613,,,,,
4,0,0,14950,56,0,,0,1,,,,,,
5,0,0,14974,32,0,,0,1,,,,,,
6,0,0,14984,22,0,,0,1,,,,,,
7,0,0,15003,3,0,,0,1,,,,,,
8,0,0,15003,3,0,,0,1,,,,,,
9,0,0,15003,3,0,,0,1,,,,,,
Overall,,,,,,,,,,0.629481541,0.298550672,,,17
0,6137,3469,4041,1359,0.818703308,0.638871539,0.818703308,0.538082557,0.717693837,,,,,
1,3294,2098,6549,3065,0.518005976,0.610905045,0.518005976,0.757372499,0.560633138,,,,,
2,3,3,14279,721,0.004143646,0.5,0.004143646,0.999789945,0.008219178,,,,,
3,1,1,14697,307,0.003246753,0.5,0.003246753,0.999931964,0.006451613,,,,,
4,0,0,14950,56,0,,0,1,,,,,,
5,0,0,14974,32,0,,0,1,,,,,,
6,0,0,14984,22,0,,0,1,,,,,,
7,0,0,15003,3,0,,0,1,,,,,,
8,0,0,15003,3,0,,0,1,,,,,,
9,0,0,15003,3,0,,0,1,,,,,,
Overall,,,,,,,,,,0.628748501,0.296787659,,,18
0,6144,3484,4026,1352,0.81963714,0.638138762,0.81963714,0.53608522,0.717589348,,,,,
1,3283,2088,6559,3076,0.516276144,0.611245578,0.516276144,0.75852897,0.559761296,,,,,
2,3,2,14280,721,0.004143646,0.6,0.004143646,0.999859964,0.008230453,,,,,
3,1,1,14697,307,0.003246753,0.5,0.003246753,0.999931964,0.006451613,,,,,
4,0,0,14950,56,0,,0,1,,,,,,
5,0,0,14974,32,0,,0,1,,,,,,
6,0,0,14984,22,0,,0,1,,,,,,
7,0,0,15003,3,0,,0,1,,,,,,
8,0,0,15003,3,0,,0,1,,,,,,
9,0,0,15003,3,0,,0,1,,,,,,
Overall,,,,,,,,,,0.628481941,0.296101275,,,19
0,6159,3515,3995,1337,0.821638207,0.636654951,0.821638207,0.53195739,0.717414094,,,,,
1,3257,2071,6576,3102,0.512187451,0.611298799,0.512187451,0.760494969,0.557371438,,,,,
2,2,1,14281,722,0.002762431,0.666666667,0.002762431,0.999929982,0.005502063,,,,,
3,1,0,14698,307,0.003246753,1,0.003246753,1,0.006472492,,,,,
4,0,0,14950,56,0,,0,1,,,,,,
5,0,0,14974,32,0,,0,1,,,,,,
6,0,0,14984,22,0,,0,1,,,,,,
7,0,0,15003,3,0,,0,1,,,,,,
8,0,0,15003,3,0,,0,1,,,,,,
9,0,0,15003,3,0,,0,1,,,,,,
Overall,,,,,,,,,,0.62768226,0.29417268,,,20
0,6141,3509,4001,1355,0.819236926,0.636373057,0.819236926,0.532756325,0.716318675,,,,,
1,3262,2091,6556,3097,0.512973738,0.609377919,0.512973738,0.758182028,0.557035519,,,,,
2,1,1,14281,723,0.001381215,0.5,0.001381215,0.999929982,0.002754821,,,,,
3,1,0,14698,307,0.003246753,1,0.003246753,1,0.006472492,,,,,
4,0,0,14950,56,0,,0,1,,,,,,
5,0,0,14974,32,0,,0,1,,,,,,
6,0,0,14984,22,0,,0,1,,,,,,
7,0,0,15003,3,0,,0,1,,,,,,
8,0,0,15003,3,0,,0,1,,,,,,
9,0,0,15003,3,0,,0,1,,,,,,
Overall,,,,,,,,,,0.6267493,0.292532973,,,21
0,6133,3545,3965,1363,0.818169691,0.633705311,0.818169691,0.527962716,0.714219169,,,,,
1,3227,2098,6549,3132,0.507469728,0.60600939,0.507469728,0.757372499,0.552379322,,,,,
2,1,1,14281,723,0.001381215,0.5,0.001381215,0.999929982,0.002754821,,,,,
3,1,0,14698,307,0.003246753,1,0.003246753,1,0.006472492,,,,,
4,0,0,14950,56,0,,0,1,,,,,,
5,0,0,14974,32,0,,0,1,,,,,,
6,0,0,14984,22,0,,0,1,,,,,,
7,0,0,15003,3,0,,0,1,,,,,,
8,0,0,15003,3,0,,0,1,,,,,,
9,0,0,15003,3,0,,0,1,,,,,,
Overall,,,,,,,,,,0.62388378,0.286910517,,,22
0,6133,3568,3942,1363,0.818169691,0.632202866,0.818169691,0.524900133,0.713263941,,,,,
1,3207,2095,6552,3152,0.504324579,0.604866088,0.504324579,0.75771944,0.55003859,,,,,
2,1,1,14281,723,0.001381215,0.5,0.001381215,0.999929982,0.002754821,,,,,
3,1,0,14698,307,0.003246753,1,0.003246753,1,0.006472492,,,,,
4,0,0,14950,56,0,,0,1,,,,,,
5,0,0,14974,32,0,,0,1,,,,,,
6,0,0,14984,22,0,,0,1,,,,,,
7,0,0,15003,3,0,,0,1,,,,,,
8,0,0,15003,3,0,,0,1,,,,,,
9,0,0,15003,3,0,,0,1,,,,,,
Overall,,,,,,,,,,0.62255098,0.284226023,,,23
0,6139,3567,3943,1357,0.818970117,0.632495364,0.818970117,0.525033289,0.713754215,,,,,
1,3206,2092,6555,3153,0.504167322,0.605134013,0.504167322,0.758066381,0.55005576,,,,,
2,1,1,14281,723,0.001381215,0.5,0.001381215,0.999929982,0.002754821,,,,,
3,0,0,14698,308,0,,0,1,,,,,,
4,0,0,14950,56,0,,0,1,,,,,,
5,0,0,14974,32,0,,0,1,,,,,,
6,0,0,14984,22,0,,0,1,,,,,,
7,0,0,15003,3,0,,0,1,,,,,,
8,0,0,15003,3,0,,0,1,,,,,,
9,0,0,15003,3,0,,0,1,,,,,,
Overall,,,,,,,,,,0.62281754,0.284660813,,,24
0,6136,3591,3919,1360,0.818569904,0.630821425,0.818569904,0.52183755,0.712535563,,,,,
1,3191,2086,6561,3168,0.50180846,0.60469964,0.50180846,0.758760264,0.548470265,,,,,
2,1,1,14281,723,0.001381215,0.5,0.001381215,0.999929982,0.002754821,,,,,
3,0,0,14698,308,0,,0,1,,,,,,
4,0,0,14950,56,0,,0,1,,,,,,
5,0,0,14974,32,0,,0,1,,,,,,
6,0,0,14984,22,0,,0,1,,,,,,
7,0,0,15003,3,0,,0,1,,,,,,
8,0,0,15003,3,0,,0,1,,,,,,
9,0,0,15003,3,0,,0,1,,,,,,
Overall,,,,,,,,,,0.621618019,0.282241542,,,25
0,6126,3632,3878,1370,0.817235859,0.62779258,0.817235859,0.516378162,0.71009621,,,,,
1,3149,2098,6549,3210,0.495203648,0.600152468,0.495203648,0.757372499,0.542650353,,,,,
2,0,1,14281,724,0,0,0,0.999929982,NaN,,,,,
3,0,0,14698,308,0,,0,1,,,,,,
4,0,0,14950,56,0,,0,1,,,,,,
5,0,0,14974,32,0,,0,1,,,,,,
6,0,0,14984,22,0,,0,1,,,,,,
7,0,0,15003,3,0,,0,1,,,,,,
8,0,0,15003,3,0,,0,1,,,,,,
9,0,0,15003,3,0,,0,1,,,,,,
Overall,,,,,,,,,,0.618086099,0.275292207,,,26
0,6141,3659,3851,1355,0.819236926,0.626632653,0.819236926,0.512782956,0.710106383,,,,,
1,3126,2079,6568,3233,0.491586727,0.600576369,0.491586727,0.759569793,0.540643376,,,,,
2,0,1,14281,724,0,0,0,0.999929982,NaN,,,,,
3,0,0,14698,308,0,,0,1,,,,,,
4,0,0,14950,56,0,,0,1,,,,,,
5,0,0,14974,32,0,,0,1,,,,,,
6,0,0,14984,22,0,,0,1,,,,,,
7,0,0,15003,3,0,,0,1,,,,,,
8,0,0,15003,3,0,,0,1,,,,,,
9,0,0,15003,3,0,,0,1,,,,,,
Overall,,,,,,,,,,0.617552979,0.273988415,,,27
0,6141,3667,3843,1355,0.819236926,0.626121533,0.819236926,0.51171771,0.709778086,,,,,
1,3111,2084,6563,3248,0.489227866,0.598845043,0.489227866,0.758991558,0.5385148,,,,,
2,0,2,14280,724,0,0,0,0.999859964,NaN,,,,,
3,1,0,14698,307,0.003246753,1,0.003246753,1,0.006472492,,,,,
4,0,0,14950,56,0,,0,1,,,,,,
5,0,0,14974,32,0,,0,1,,,,,,
6,0,0,14984,22,0,,0,1,,,,,,
7,0,0,15003,3,0,,0,1,,,,,,
8,0,0,15003,3,0,,0,1,,,,,,
9,0,0,15003,3,0,,0,1,,,,,,
Overall,,,,,,,,,,0.616620019,0.272233236,,,28
0,6141,3674,3836,1355,0.819236926,0.625674987,0.819236926,0.510785619,0.709491075,,,,,
1,3102,2086,6561,3257,0.487812549,0.597918273,0.487812549,0.758760264,0.537282411,,,,,
2,0,2,14280,724,0,0,0,0.999859964,NaN,,,,,
3,1,0,14698,307,0.003246753,1,0.003246753,1,0.006472492,,,,,
4,0,0,14950,56,0,,0,1,,,,,,
5,0,0,14974,32,0,,0,1,,,,,,
6,0,0,14984,22,0,,0,1,,,,,,
7,0,0,15003,3,0,,0,1,,,,,,
8,0,0,15003,3,0,,0,1,,,,,,
9,0,0,15003,3,0,,0,1,,,,,,
Overall,,,,,,,,,,0.616020259,0.271045808,,,29
0,6137,3677,3833,1359,0.818703308,0.62533116,0.818703308,0.510386152,0.709069902,,,,,
1,3094,2095,6552,3265,0.48655449,0.596261322,0.48655449,0.75771944,0.535850364,,,,,
2,0,2,14280,724,0,0,0,0.999859964,NaN,,,,,
3,1,0,14698,307,0.003246753,1,0.003246753,1,0.006472492,,,,,
4,0,0,14950,56,0,,0,1,,,,,,
5,0,0,14974,32,0,,0,1,,,,,,
6,0,0,14984,22,0,,0,1,,,,,,
7,0,0,15003,3,0,,0,1,,,,,,
8,0,0,15003,3,0,,0,1,,,,,,
9,0,0,15003,3,0,,0,1,,,,,,
Overall,,,,,,,,,,0.615220578,0.269534683,,,30
0,6151,3706,3804,1345,0.820570971,0.624023537,0.820570971,0.506524634,0.70892641,,,,,
1,3069,2077,6570,3290,0.482623054,0.596385542,0.482623054,0.759801087,0.533507171,,,,,
2,1,1,14281,723,0.001381215,0.5,0.001381215,0.999929982,0.002754821,,,,,
3,1,0,14698,307,0.003246753,1,0.003246753,1,0.006472492,,,,,
4,0,0,14950,56,0,,0,1,,,,,,
5,0,0,14974,32,0,,0,1,,,,,,
6,0,0,14984,22,0,,0,1,,,,,,
7,0,0,15003,3,0,,0,1,,,,,,
8,0,0,15003,3,0,,0,1,,,,,,
9,0,0,15003,3,0,,0,1,,,,,,
Overall,,,,,,,,,,0.614554178,0.26796786,,,31
0,6146,3692,3818,1350,0.819903949,0.624720472,0.819903949,0.508388815,0.709126572,,,,,
1,3079,2087,6560,3280,0.484195628,0.596012389,0.484195628,0.758644617,0.534316703,,,,,
2,1,1,14281,723,0.001381215,0.5,0.001381215,0.999929982,0.002754821,,,,,
3,0,0,14698,308,0,,0,1,,,,,,
4,0,0,14950,56,0,,0,1,,,,,,
5,0,0,14974,32,0,,0,1,,,,,,
6,0,0,14984,22,0,,0,1,,,,,,
7,0,0,15003,3,0,,0,1,,,,,,
8,0,0,15003,3,0,,0,1,,,,,,
9,0,0,15003,3,0,,0,1,,,,,,
Overall,,,,,,,,,,0.614820738,0.268570045,,,32
0,6147,3707,3803,1349,0.820037353,0.623807591,0.820037353,0.506391478,0.708587896,,,,,
1,3067,2083,6564,3292,0.482308539,0.595533981,0.482308539,0.759107205,0.532974194,,,,,
2,1,1,14281,723,0.001381215,0.5,0.001381215,0.999929982,0.002754821,,,,,
3,0,0,14698,308,0,,0,1,,,,,,
4,0,0,14950,56,0,,0,1,,,,,,
5,0,0,14974,32,0,,0,1,,,,,,
6,0,0,14984,22,0,,0,1,,,,,,
7,0,0,15003,3,0,,0,1,,,,,,
8,0,0,15003,3,0,,0,1,,,,,,
9,0,0,15003,3,0,,0,1,,,,,,
Overall,,,,,,,,,,0.614087698,0.267065609,,,33
0,6153,3735,3775,1343,0.82083778,0.622269417,0.82083778,0.502663116,0.707892315,,,,,
1,3044,2072,6575,3315,0.478691618,0.594996091,0.478691618,0.760379322,0.530544662,,,,,
2,1,1,14281,723,0.001381215,0.5,0.001381215,0.999929982,0.002754821,,,,,
3,0,0,14698,308,0,,0,1,,,,,,
4,0,0,14950,56,0,,0,1,,,,,,
5,0,0,14974,32,0,,0,1,,,,,,
6,0,0,14984,22,0,,0,1,,,,,,
7,0,0,15003,3,0,,0,1,,,,,,
8,0,0,15003,3,0,,0,1,,,,,,
9,0,0,15003,3,0,,0,1,,,,,,
Overall,,,,,,,,,,0.612954818,0.26467426,,,34
0,6154,3750,3760,1342,0.820971185,0.621365105,0.820971185,0.500665779,0.707356322,,,,,
1,3031,2069,6578,3328,0.476647272,0.594313725,0.476647272,0.760726263,0.529016494,,,,,
2,1,1,14281,723,0.001381215,0.5,0.001381215,0.999929982,0.002754821,,,,,
3,0,0,14698,308,0,,0,1,,,,,,
4,0,0,14950,56,0,,0,1,,,,,,
5,0,0,14974,32,0,,0,1,,,,,,
6,0,0,14984,22,0,,0,1,,,,,,
7,0,0,15003,3,0,,0,1,,,,,,
8,0,0,15003,3,0,,0,1,,,,,,
9,0,0,15003,3,0,,0,1,,,,,,
Overall,,,,,,,,,,0.612155138,0.26304188,,,35
0,6151,3765,3745,1345,0.820570971,0.620310609,0.820570971,0.498668442,0.706524236,,,,,
1,3019,2070,6577,3340,0.474760182,0.593240322,0.474760182,0.760610616,0.527428372,,,,,
2,1,0,14282,723,0.001381215,1,0.001381215,1,0.002758621,,,,,
3,0,0,14698,308,0,,0,1,,,,,,
4,0,0,14950,56,0,,0,1,,,,,,
5,0,0,14974,32,0,,0,1,,,,,,
6,0,0,14984,22,0,,0,1,,,,,,
7,0,0,15003,3,0,,0,1,,,,,,
8,0,0,15003,3,0,,0,1,,,,,,
9,0,0,15003,3,0,,0,1,,,,,,
Overall,,,,,,,,,,0.611155538,0.261022285,,,36
0,6151,3766,3744,1345,0.820570971,0.620248059,0.820570971,0.498535286,0.706483662,,,,,
1,3018,2071,6576,3341,0.474602925,0.59304382,0.474602925,0.760494969,0.527253669,,,,,
2,0,0,14282,724,0,,0,1,,,,,,
3,0,0,14698,308,0,,0,1,,,,,,
4,0,0,14950,56,0,,0,1,,,,,,
5,0,0,14974,32,0,,0,1,,,,,,
6,0,0,14984,22,0,,0,1,,,,,,
7,0,0,15003,3,0,,0,1,,,,,,
8,0,0,15003,3,0,,0,1,,,,,,
9,0,0,15003,3,0,,0,1,,,,,,
Overall,,,,,,,,,,0.611022258,0.260726741,,,37
0,6160,3772,3738,1336,0.821771612,0.620217479,0.821771612,0.497736352,0.706908423,,,,,
1,3006,2068,6579,3353,0.472715836,0.592432006,0.472715836,0.76084191,0.525846235,,,,,
2,0,0,14282,724,0,,0,1,,,,,,
3,0,0,14698,308,0,,0,1,,,,,,
4,0,0,14950,56,0,,0,1,,,,,,
5,0,0,14974,32,0,,0,1,,,,,,
6,0,0,14984,22,0,,0,1,,,,,,
7,0,0,15003,3,0,,0,1,,,,,,
8,0,0,15003,3,0,,0,1,,,,,,
9,0,0,15003,3,0,,0,1,,,,,,
Overall,,,,,,,,,,0.610822338,0.260240296,,,38
0,6160,3795,3715,1336,0.821771612,0.61878453,0.821771612,0.494673768,0.705976735,,,,,
1,2984,2067,6580,3375,0.469256172,0.590774104,0.469256172,0.760957558,0.523049956,,,,,
2,0,0,14282,724,0,,0,1,,,,,,
3,0,0,14698,308,0,,0,1,,,,,,
4,0,0,14950,56,0,,0,1,,,,,,
5,0,0,14974,32,0,,0,1,,,,,,
6,0,0,14984,22,0,,0,1,,,,,,
7,0,0,15003,3,0,,0,1,,,,,,
8,0,0,15003,3,0,,0,1,,,,,,
9,0,0,15003,3,0,,0,1,,,,,,
Overall,,,,,,,,,,0.609356257,0.257289577,,,39
0,6160,3808,3702,1336,0.821771612,0.617977528,0.821771612,0.492942743,0.705451214,,,,,
1,2971,2067,6580,3388,0.467211826,0.589718142,0.467211826,0.760957558,0.521365272,,,,,
2,0,0,14282,724,0,,0,1,,,,,,
3,0,0,14698,308,0,,0,1,,,,,,
4,0,0,14950,56,0,,0,1,,,,,,
5,0,0,14974,32,0,,0,1,,,,,,
6,0,0,14984,22,0,,0,1,,,,,,
7,0,0,15003,3,0,,0,1,,,,,,
8,0,0,15003,3,0,,0,1,,,,,,
9,0,0,15003,3,0,,0,1,,,,,,
Overall,,,,,,,,,,0.608489937,0.255549581,,,40
0,6159,3831,3679,1337,0.821638207,0.616516517,0.821638207,0.48988016,0.704449274,,,,,
1,2946,2070,6577,3413,0.46328039,0.587320574,0.46328039,0.760610616,0.517978022,,,,,
2,0,0,14282,724,0,,0,1,,,,,,
3,0,0,14698,308,0,,0,1,,,,,,
4,0,0,14950,56,0,,0,1,,,,,,
5,0,0,14974,32,0,,0,1,,,,,,
6,0,0,14984,22,0,,0,1,,,,,,
7,0,0,15003,3,0,,0,1,,,,,,
8,0,0,15003,3,0,,0,1,,,,,,
9,0,0,15003,3,0,,0,1,,,,,,
Overall,,,,,,,,,,0.606757297,0.252097016,,,41
0,6156,3848,3662,1340,0.821237994,0.615353858,0.821237994,0.487616511,0.703542857,,,,,
1,2933,2069,6578,3426,0.461236043,0.586365454,0.461236043,0.760726263,0.516327788,,,,,
2,0,0,14282,724,0,,0,1,,,,,,
3,0,0,14698,308,0,,0,1,,,,,,
4,0,0,14950,56,0,,0,1,,,,,,
5,0,0,14974,32,0,,0,1,,,,,,
6,0,0,14984,22,0,,0,1,,,,,,
7,0,0,15003,3,0,,0,1,,,,,,
8,0,0,15003,3,0,,0,1,,,,,,
9,0,0,15003,3,0,,0,1,,,,,,
Overall,,,,,,,,,,0.605691057,0.24996831,,,42
0,6154,3844,3666,1342,0.820971185,0.615523105,0.820971185,0.488149134,0.703555505,,,,,
1,2938,2070,6577,3421,0.462022331,0.586661342,0.462022331,0.760610616,0.516934987,,,,,
2,0,0,14282,724,0,,0,1,,,,,,
3,0,0,14698,308,0,,0,1,,,,,,
4,0,0,14950,56,0,,0,1,,,,,,
5,0,0,14974,32,0,,0,1,,,,,,
6,0,0,14984,22,0,,0,1,,,,,,
7,0,0,15003,3,0,,0,1,,,,,,
8,0,0,15003,3,0,,0,1,,,,,,
9,0,0,15003,3,0,,0,1,,,,,,
Overall,,,,,,,,,,0.605890977,0.250391784,,,43
0,6154,3859,3651,1342,0.820971185,0.614601019,0.820971185,0.486151798,0.702952767,,,,,
1,2923,2069,6578,3436,0.459663469,0.585536859,0.459663469,0.760726263,0.515020703,,,,,
2,1,0,14282,723,0.001381215,1,0.001381215,1,0.002758621,,,,,
3,0,0,14698,308,0,,0,1,,,,,,
4,0,0,14950,56,0,,0,1,,,,,,
5,0,0,14974,32,0,,0,1,,,,,,
6,0,0,14984,22,0,,0,1,,,,,,
7,0,0,15003,3,0,,0,1,,,,,,
8,0,0,15003,3,0,,0,1,,,,,,
9,0,0,15003,3,0,,0,1,,,,,,
Overall,,,,,,,,,,0.604958017,0.248544777,,,44
0,6147,3878,3632,1349,0.820037353,0.613167082,0.820037353,0.483621838,0.701672279,,,,,
1,2908,2072,6575,3451,0.457304608,0.583935743,0.457304608,0.760379322,0.512920011,,,,,
2,1,0,14282,723,0.001381215,1,0.001381215,1,0.002758621,,,,,
3,0,0,14698,308,0,,0,1,,,,,,
4,0,0,14950,56,0,,0,1,,,,,,
5,0,0,14974,32,0,,0,1,,,,,,
6,0,0,14984,22,0,,0,1,,,,,,
7,0,0,15003,3,0,,0,1,,,,,,
8,0,0,15003,3,0,,0,1,,,,,,
9,0,0,15003,3,0,,0,1,,,,,,
Overall,,,,,,,,,,0.603491937,0.245669033,,,45
0,6140,3882,3628,1356,0.819103522,0.612652165,0.819103522,0.483089214,0.700993264,,,,,
1,2902,2081,6566,3457,0.456361063,0.582380092,0.456361063,0.759338499,0.511726327,,,,,
2,1,0,14282,723,0.001381215,1,0.001381215,1,0.002758621,,,,,
3,0,0,14698,308,0,,0,1,,,,,,
4,0,0,14950,56,0,,0,1,,,,,,
5,0,0,14974,32,0,,0,1,,,,,,
6,0,0,14984,22,0,,0,1,,,,,,
7,0,0,15003,3,0,,0,1,,,,,,
8,0,0,15003,3,0,,0,1,,,,,,
9,0,0,15003,3,0,,0,1,,,,,,
Overall,,,,,,,,,,0.602625616,0.2440427,,,46
0,6132,3896,3614,1364,0.818036286,0.611487834,0.818036286,0.481225033,0.699840219,,,,,
1,2888,2088,6559,3471,0.454159459,0.580385852,0.454159459,0.75852897,0.509572122,,,,,
2,2,0,14282,722,0.002762431,1,0.002762431,1,0.005509642,,,,,
3,0,0,14698,308,0,,0,1,,,,,,
4,0,0,14950,56,0,,0,1,,,,,,
5,0,0,14974,32,0,,0,1,,,,,,
6,0,0,14984,22,0,,0,1,,,,,,
7,0,0,15003,3,0,,0,1,,,,,,
8,0,0,15003,3,0,,0,1,,,,,,
9,0,0,15003,3,0,,0,1,,,,,,
Overall,,,,,,,,,,0.601226176,0.241372824,,,47
0,6115,3895,3615,1381,0.81576841,0.610889111,0.81576841,0.481358189,0.698617617,,,,,
1,2884,2110,6537,3475,0.453530429,0.577492992,0.453530429,0.755984735,0.508059544,,,,,
2,2,0,14282,722,0.002762431,1,0.002762431,1,0.005509642,,,,,
3,0,0,14698,308,0,,0,1,,,,,,
4,0,0,14950,56,0,,0,1,,,,,,
5,0,0,14974,32,0,,0,1,,,,,,
6,0,0,14984,22,0,,0,1,,,,,,
7,0,0,15003,3,0,,0,1,,,,,,
8,0,0,15003,3,0,,0,1,,,,,,
9,0,0,15003,3,0,,0,1,,,,,,
Overall,,,,,,,,,,0.599826736,0.238842137,,,48
0,6108,3912,3598,1388,0.814834578,0.609580838,0.814834578,0.479094541,0.697419502,,,,,
1,2873,2111,6536,3486,0.451800598,0.576444623,0.451800598,0.755869088,0.506567927,,,,,
2,2,0,14282,722,0.002762431,1,0.002762431,1,0.005509642,,,,,
3,0,0,14698,308,0,,0,1,,,,,,
4,0,0,14950,56,0,,0,1,,,,,,
5,0,0,14974,32,0,,0,1,,,,,,
6,0,0,14984,22,0,,0,1,,,,,,
7,0,0,15003,3,0,,0,1,,,,,,
8,0,0,15003,3,0,,0,1,,,,,,
9,0,0,15003,3,0,,0,1,,,,,,
Overall,,,,,,,,,,0.598627216,0.236487236,,,49
0,6112,3922,3588,1384,0.815368196,0.609128962,0.815368196,0.477762983,0.697318882,,,,,
1,2866,2104,6543,3493,0.450699796,0.57665996,0.450699796,0.756678617,0.50595816,,,,,
2,2,0,14282,722,0.002762431,1,0.002762431,1,0.005509642,,,,,
3,0,0,14698,308,0,,0,1,,,,,,
4,0,0,14950,56,0,,0,1,,,,,,
5,0,0,14974,32,0,,0,1,,,,,,
6,0,0,14984,22,0,,0,1,,,,,,
7,0,0,15003,3,0,,0,1,,,,,,
8,0,0,15003,3,0,,0,1,,,,,,
9,0,0,15003,3,0,,0,1,,,,,,
Overall,,,,,,,,,,0.598427296,0.236004203,,,50
0,6097,3925,3585,1399,0.813367129,0.608361604,0.813367129,0.477363515,0.696084028,,,,,
1,2864,2118,6529,3495,0.450385281,0.57486953,0.450385281,0.755059558,0.5050701,,,,,
2,2,0,14282,722,0.002762431,1,0.002762431,1,0.005509642,,,,,
3,0,0,14698,308,0,,0,1,,,,,,
4,0,0,14950,56,0,,0,1,,,,,,
5,0,0,14974,32,0,,0,1,,,,,,
6,0,0,14984,22,0,,0,1,,,,,,
7,0,0,15003,3,0,,0,1,,,,,,
8,0,0,15003,3,0,,0,1,,,,,,
9,0,0,15003,3,0,,0,1,,,,,,
Overall,,,,,,,,,,0.597294416,0.233937196,,,51
0,6097,3935,3575,1399,0.813367129,0.607755183,0.813367129,0.476031957,0.695686901,,,,,
1,2852,2120,6527,3507,0.448498192,0.573612228,0.448498192,0.754828264,0.503397758,,,,,
2,2,0,14282,722,0.002762431,1,0.002762431,1,0.005509642,,,,,
3,0,0,14698,308,0,,0,1,,,,,,
4,0,0,14950,56,0,,0,1,,,,,,
5,0,0,14974,32,0,,0,1,,,,,,
6,0,0,14984,22,0,,0,1,,,,,,
7,0,0,15003,3,0,,0,1,,,,,,
8,0,0,15003,3,0,,0,1,,,,,,
9,0,0,15003,3,0,,0,1,,,,,,
Overall,,,,,,,,,,0.596494735,0.232342237,,,52
0,6114,3937,3573,1382,0.815635005,0.608297682,0.815635005,0.475765646,0.69687126,,,,,
1,2853,2100,6547,3506,0.448655449,0.576014537,0.448655449,0.757141205,0.504420085,,,,,
2,2,0,14282,722,0.002762431,1,0.002762431,1,0.005509642,,,,,
3,0,0,14698,308,0,,0,1,,,,,,
4,0,0,14950,56,0,,0,1,,,,,,
5,0,0,14974,32,0,,0,1,,,,,,
6,0,0,14984,22,0,,0,1,,,,,,
7,0,0,15003,3,0,,0,1,,,,,,
8,0,0,15003,3,0,,0,1,,,,,,
9,0,0,15003,3,0,,0,1,,,,,,
Overall,,,,,,,,,,0.597694256,0.234484573,,,53
0,6120,3934,3576,1376,0.816435432,0.60871295,0.816435432,0.476165113,0.697435897,,,,,
1,2856,2094,6553,3503,0.449127221,0.576969697,0.449127221,0.757835087,0.505084446,,,,,
2,2,0,14282,722,0.002762431,1,0.002762431,1,0.005509642,,,,,
3,0,0,14698,308,0,,0,1,,,,,,
4,0,0,14950,56,0,,0,1,,,,,,
5,0,0,14974,32,0,,0,1,,,,,,
6,0,0,14984,22,0,,0,1,,,,,,
7,0,0,15003,3,0,,0,1,,,,,,
8,0,0,15003,3,0,,0,1,,,,,,
9,0,0,15003,3,0,,0,1,,,,,,
Overall,,,,,,,,,,0.598294016,0.235603775,,,54
0,6119,3939,3571,1377,0.816302028,0.608371446,0.816302028,0.475499334,0.69716304,,,,,
1,2854,2092,6555,3505,0.448812706,0.577031945,0.448812706,0.758066381,0.504909332,,,,,
2,2,0,14282,722,0.002762431,1,0.002762431,1,0.005509642,,,,,
3,0,0,14698,308,0,,0,1,,,,,,
4,0,0,14950,56,0,,0,1,,,,,,
5,0,0,14974,32,0,,0,1,,,,,,
6,0,0,14984,22,0,,0,1,,,,,,
7,0,0,15003,3,0,,0,1,,,,,,
8,0,0,15003,3,0,,0,1,,,,,,
9,0,0,15003,3,0,,0,1,,,,,,
Overall,,,,,,,,,,0.598094096,0.235193959,,,55
0,6119,3948,3562,1377,0.816302028,0.607827555,0.816302028,0.474300932,0.696805785,,,,,
1,2845,2092,6555,3514,0.44739739,0.576260887,0.44739739,0.758066381,0.50371813,,,,,
2,2,0,14282,722,0.002762431,1,0.002762431,1,0.005509642,,,,,
3,0,0,14698,308,0,,0,1,,,,,,
4,0,0,14950,56,0,,0,1,,,,,,
5,0,0,14974,32,0,,0,1,,,,,,
6,0,0,14984,22,0,,0,1,,,,,,
7,0,0,15003,3,0,,0,1,,,,,,
8,0,0,15003,3,0,,0,1,,,,,,
9,0,0,15003,3,0,,0,1,,,,,,
Overall,,,,,,,,,,0.597494336,0.233986404,,,56
0,6121,3969,3541,1375,0.816568837,0.606640238,0.816568837,0.47150466,0.696121915,,,,,
1,2824,2090,6557,3535,0.444094983,0.574684575,0.444094983,0.758297675,0.501020137,,,,,
2,2,0,14282,722,0.002762431,1,0.002762431,1,0.005509642,,,,,
3,0,0,14698,308,0,,0,1,,,,,,
4,0,0,14950,56,0,,0,1,,,,,,
5,0,0,14974,32,0,,0,1,,,,,,
6,0,0,14984,22,0,,0,1,,,,,,
7,0,0,15003,3,0,,0,1,,,,,,
8,0,0,15003,3,0,,0,1,,,,,,
9,0,0,15003,3,0,,0,1,,,,,,
Overall,,,,,,,,,,0.596228175,0.231406888,,,57
0,6122,3991,3519,1374,0.816702241,0.605359438,0.816702241,0.468575233,0.695326254,,,,,
1,2807,2085,6562,3552,0.441421607,0.573793949,0.441421607,0.758875911,0.498977869,,,,,
2,1,0,14282,723,0.001381215,1,0.001381215,1,0.002758621,,,,,
3,0,0,14698,308,0,,0,1,,,,,,
4,0,0,14950,56,0,,0,1,,,,,,
5,0,0,14974,32,0,,0,1,,,,,,
6,0,0,14984,22,0,,0,1,,,,,,
7,0,0,15003,3,0,,0,1,,,,,,
8,0,0,15003,3,0,,0,1,,,,,,
9,0,0,15003,3,0,,0,1,,,,,,
Overall,,,,,,,,,,0.595095295,0.229043257,,,58
0,6126,4006,3504,1370,0.817235859,0.604619029,0.817235859,0.466577896,0.695030633,,,,,
1,2790,2083,6564,3569,0.438748231,0.572542582,0.438748231,0.759107205,0.496794872,,,,,
2,1,0,14282,723,0.001381215,1,0.001381215,1,0.002758621,,,,,
3,0,0,14698,308,0,,0,1,,,,,,
4,0,0,14950,56,0,,0,1,,,,,,
5,0,0,14974,32,0,,0,1,,,,,,
6,0,0,14984,22,0,,0,1,,,,,,
7,0,0,15003,3,0,,0,1,,,,,,
8,0,0,15003,3,0,,0,1,,,,,,
9,0,0,15003,3,0,,0,1,,,,,,
Overall,,,,,,,,,,0.594228975,0.227252589,,,59
0,6133,4031,3479,1363,0.818169691,0.603404172,0.818169691,0.463249001,0.694563986,,,,,
1,2771,2071,6576,3588,0.43576034,0.57228418,0.43576034,0.760494969,0.494777252,,,,,
2,0,0,14282,724,0,,0,1,,,,,,
3,0,0,14698,308,0,,0,1,,,,,,
4,0,0,14950,56,0,,0,1,,,,,,
5,0,0,14974,32,0,,0,1,,,,,,
6,0,0,14984,22,0,,0,1,,,,,,
7,0,0,15003,3,0,,0,1,,,,,,
8,0,0,15003,3,0,,0,1,,,,,,
9,0,0,15003,3,0,,0,1,,,,,,
Overall,,,,,,,,,,0.593362655,0.225327485,,,60
0,6142,4036,3474,1354,0.819370331,0.60345844,0.819370331,0.462583222,0.695032251,,,,,
1,2773,2055,6592,3586,0.436074855,0.574357912,0.436074855,0.762345322,0.495754,,,,,
2,0,0,14282,724,0,,0,1,,,,,,
3,0,0,14698,308,0,,0,1,,,,,,
4,0,0,14950,56,0,,0,1,,,,,,
5,0,0,14974,32,0,,0,1,,,,,,
6,0,0,14984,22,0,,0,1,,,,,,
7,0,0,15003,3,0,,0,1,,,,,,
8,0,0,15003,3,0,,0,1,,,,,,
9,0,0,15003,3,0,,0,1,,,,,,
Overall,,,,,,,,,,0.594095695,0.226619827,,,61
0,6149,4036,3474,1347,0.820304162,0.603730977,0.820304162,0.462583222,0.695548894,,,,,
1,2769,2052,6595,3590,0.435445825,0.574362166,0.435445825,0.762692263,0.495348837,,,,,
2,0,0,14282,724,0,,0,1,,,,,,
3,0,0,14698,308,0,,0,1,,,,,,
4,0,0,14950,56,0,,0,1,,,,,,
5,0,0,14974,32,0,,0,1,,,,,,
6,0,0,14984,22,0,,0,1,,,,,,
7,0,0,15003,3,0,,0,1,,,,,,
8,0,0,15003,3,0,,0,1,,,,,,
9,0,0,15003,3,0,,0,1,,,,,,
Overall,,,,,,,,,,0.594295615,0.226948679,,,62
0,6158,4037,3473,1338,0.821504803,0.604021579,0.821504803,0.462450067,0.696173195,,,,,
1,2773,2038,6609,3586,0.436074855,0.576387445,0.436074855,0.764311322,0.496508505,,,,,
2,0,0,14282,724,0,,0,1,,,,,,
3,0,0,14698,308,0,,0,1,,,,,,
4,0,0,14950,56,0,,0,1,,,,,,
5,0,0,14974,32,0,,0,1,,,,,,
6,0,0,14984,22,0,,0,1,,,,,,
7,0,0,15003,3,0,,0,1,,,,,,
8,0,0,15003,3,0,,0,1,,,,,,
9,0,0,15003,3,0,,0,1,,,,,,
Overall,,,,,,,,,,0.595161935,0.228525188,,,63
0,6163,4052,3458,1333,0.822171825,0.603328439,0.822171825,0.46045273,0.695951668,,,,,
1,2758,2033,6614,3601,0.433715993,0.575662701,0.433715993,0.764889557,0.49470852,,,,,
2,0,0,14282,724,0,,0,1,,,,,,
3,0,0,14698,308,0,,0,1,,,,,,
4,0,0,14950,56,0,,0,1,,,,,,
5,0,0,14974,32,0,,0,1,,,,,,
6,0,0,14984,22,0,,0,1,,,,,,
7,0,0,15003,3,0,,0,1,,,,,,
8,0,0,15003,3,0,,0,1,,,,,,
9,0,0,15003,3,0,,0,1,,,,,,
Overall,,,,,,,,,,0.594495535,0.227106533,,,64
0,6157,4060,3450,1339,0.821371398,0.602623079,0.821371398,0.459387483,0.695195619,,,,,
1,2753,2036,6611,3606,0.432929706,0.574859052,0.432929706,0.764542616,0.493900251,,,,,
2,0,0,14282,724,0,,0,1,,,,,,
3,0,0,14698,308,0,,0,1,,,,,,
4,0,0,14950,56,0,,0,1,,,,,,
5,0,0,14974,32,0,,0,1,,,,,,
6,0,0,14984,22,0,,0,1,,,,,,
7,0,0,15003,3,0,,0,1,,,,,,
8,0,0,15003,3,0,,0,1,,,,,,
9,0,0,15003,3,0,,0,1,,,,,,
Overall,,,,,,,,,,0.593762495,0.225694451,,,65
0,6150,4063,3447,1346,0.820437567,0.6021737,0.820437567,0.458988016,0.694562087,,,,,
1,2745,2048,6599,3614,0.431671646,0.572710202,0.431671646,0.763154851,0.492288379,,,,,
2,0,0,14282,724,0,,0,1,,,,,,
3,0,0,14698,308,0,,0,1,,,,,,
4,0,0,14950,56,0,,0,1,,,,,,
5,0,0,14974,32,0,,0,1,,,,,,
6,0,0,14984,22,0,,0,1,,,,,,
7,0,0,15003,3,0,,0,1,,,,,,
8,0,0,15003,3,0,,0,1,,,,,,
9,0,0,15003,3,0,,0,1,,,,,,
Overall,,,,,,,,,,0.592762895,0.223819052,,,66
0,6150,4069,3441,1346,0.820437567,0.601820139,0.820437567,0.458189081,0.694326842,,,,,
1,2743,2044,6603,3616,0.431357132,0.573010236,0.431357132,0.76361744,0.492194509,,,,,
2,0,0,14282,724,0,,0,1,,,,,,
3,0,0,14698,308,0,,0,1,,,,,,
4,0,0,14950,56,0,,0,1,,,,,,
5,0,0,14974,32,0,,0,1,,,,,,
6,0,0,14984,22,0,,0,1,,,,,,
7,0,0,15003,3,0,,0,1,,,,,,
8,0,0,15003,3,0,,0,1,,,,,,
9,0,0,15003,3,0,,0,1,,,,,,
Overall,,,,,,,,,,0.592629615,0.223520189,,,67
0,6157,4075,3435,1339,0.821371398,0.60173964,0.821371398,0.457390146,0.694607401,,,,,
1,2735,2039,6608,3624,0.430099072,0.572894847,0.430099072,0.764195675,0.491332076,,,,,
2,0,0,14282,724,0,,0,1,,,,,,
3,0,0,14698,308,0,,0,1,,,,,,
4,0,0,14950,56,0,,0,1,,,,,,
5,0,0,14974,32,0,,0,1,,,,,,
6,0,0,14984,22,0,,0,1,,,,,,
7,0,0,15003,3,0,,0,1,,,,,,
8,0,0,15003,3,0,,0,1,,,,,,
9,0,0,15003,3,0,,0,1,,,,,,
Overall,,,,,,,,,,0.592562975,0.223295989,,,68
0,6164,4091,3419,1332,0.822305229,0.601072647,0.822305229,0.455259654,0.694496085,,,,,
1,2723,2028,6619,3636,0.428211983,0.573142496,0.428211983,0.765467792,0.490189019,,,,,
2,0,0,14282,724,0,,0,1,,,,,,
3,0,0,14698,308,0,,0,1,,,,,,
4,0,0,14950,56,0,,0,1,,,,,,
5,0,0,14974,32,0,,0,1,,,,,,
6,0,0,14984,22,0,,0,1,,,,,,
7,0,0,15003,3,0,,0,1,,,,,,
8,0,0,15003,3,0,,0,1,,,,,,
9,0,0,15003,3,0,,0,1,,,,,,
Overall,,,,,,,,,,0.592229775,0.222488673,,,69
0,6160,4090,3420,1336,0.821771612,0.60097561,0.821771612,0.45539281,0.694240956,,,,,
1,2722,2034,6613,3637,0.428054726,0.572329689,0.428054726,0.76477391,0.489788574,,,,,
2,0,0,14282,724,0,,0,1,,,,,,
3,0,0,14698,308,0,,0,1,,,,,,
4,0,0,14950,56,0,,0,1,,,,,,
5,0,0,14974,32,0,,0,1,,,,,,
6,0,0,14984,22,0,,0,1,,,,,,
7,0,0,15003,3,0,,0,1,,,,,,
8,0,0,15003,3,0,,0,1,,,,,,
9,0,0,15003,3,0,,0,1,,,,,,
Overall,,,,,,,,,,0.591896575,0.221890804,,,70
0,6161,4087,3423,1335,0.821905016,0.601190476,0.821905016,0.455792277,0.694431921,,,,,
1,2728,2030,6617,3631,0.42899827,0.573350147,0.42899827,0.765236498,0.490779887,,,,,
2,0,0,14282,724,0,,0,1,,,,,,
3,0,0,14698,308,0,,0,1,,,,,,
4,0,0,14950,56,0,,0,1,,,,,,
5,0,0,14974,32,0,,0,1,,,,,,
6,0,0,14984,22,0,,0,1,,,,,,
7,0,0,15003,3,0,,0,1,,,,,,
8,0,0,15003,3,0,,0,1,,,,,,
9,0,0,15003,3,0,,0,1,,,,,,
Overall,,,,,,,,,,0.592363055,0.222795182,,,71
0,6170,4106,3404,1326,0.823105656,0.600428182,0.823105656,0.453262317,0.694350664,,,,,
1,2711,2019,6628,3648,0.426324894,0.573150106,0.426324894,0.766508616,0.488953017,,,,,
2,0,0,14282,724,0,,0,1,,,,,,
3,0,0,14698,308,0,,0,1,,,,,,
4,0,0,14950,56,0,,0,1,,,,,,
5,0,0,14974,32,0,,0,1,,,,,,
6,0,0,14984,22,0,,0,1,,,,,,
7,0,0,15003,3,0,,0,1,,,,,,
8,0,0,15003,3,0,,0,1,,,,,,
9,0,0,15003,3,0,,0,1,,,,,,
Overall,,,,,,,,,,0.591829935,0.221568898,,,72
0,6170,4106,3404,1326,0.823105656,0.600428182,0.823105656,0.453262317,0.694350664,,,,,
1,2710,2020,6627,3649,0.426167636,0.572938689,0.426167636,0.766392969,0.488772658,,,,,
2,0,0,14282,724,0,,0,1,,,,,,
3,0,0,14698,308,0,,0,1,,,,,,
4,0,0,14950,56,0,,0,1,,,,,,
5,0,0,14974,32,0,,0,1,,,,,,
6,0,0,14984,22,0,,0,1,,,,,,
7,0,0,15003,3,0,,0,1,,,,,,
8,0,0,15003,3,0,,0,1,,,,,,
9,0,0,15003,3,0,,0,1,,,,,,
Overall,,,,,,,,,,0.591763295,0.221441807,,,73
0,6172,4110,3400,1324,0.823372465,0.600272321,0.823372465,0.452729694,0.694341321,,,,,
1,2706,2018,6629,3653,0.425538607,0.572819644,0.425538607,0.766624263,0.488315438,,,,,
2,0,0,14282,724,0,,0,1,,,,,,
3,0,0,14698,308,0,,0,1,,,,,,
4,0,0,14950,56,0,,0,1,,,,,,
5,0,0,14974,32,0,,0,1,,,,,,
6,0,0,14984,22,0,,0,1,,,,,,
7,0,0,15003,3,0,,0,1,,,,,,
8,0,0,15003,3,0,,0,1,,,,,,
9,0,0,15003,3,0,,0,1,,,,,,
Overall,,,,,,,,,,0.591630015,0.221142625,,,74
0,6178,4120,3390,1318,0.824172892,0.599922315,0.824172892,0.451398136,0.694391368,,,,,
1,2700,2008,6639,3659,0.424595062,0.573491929,0.424595062,0.767780733,0.48793711,,,,,
2,0,0,14282,724,0,,0,1,,,,,,
3,0,0,14698,308,0,,0,1,,,,,,
4,0,0,14950,56,0,,0,1,,,,,,
5,0,0,14974,32,0,,0,1,,,,,,
6,0,0,14984,22,0,,0,1,,,,,,
7,0,0,15003,3,0,,0,1,,,,,,
8,0,0,15003,3,0,,0,1,,,,,,
9,0,0,15003,3,0,,0,1,,,,,,
Overall,,,,,,,,,,0.591630015,0.221022598,,,75
0,6194,4122,3388,1302,0.826307364,0.600426522,0.826307364,0.451131824,0.695486189,,,,,
1,2698,1992,6655,3661,0.424280547,0.575266525,0.424280547,0.769631086,0.488369988,,,,,
2,0,0,14282,724,0,,0,1,,,,,,
3,0,0,14698,308,0,,0,1,,,,,,
4,0,0,14950,56,0,,0,1,,,,,,
5,0,0,14974,32,0,,0,1,,,,,,
6,0,0,14984,22,0,,0,1,,,,,,
7,0,0,15003,3,0,,0,1,,,,,,
8,0,0,15003,3,0,,0,1,,,,,,
9,0,0,15003,3,0,,0,1,,,,,,
Overall,,,,,,,,,,0.592562975,0.22266748,,,76
0,6190,4120,3390,1306,0.825773746,0.600387973,0.825773746,0.451398136,0.695271257,,,,,
1,2699,1997,6650,3660,0.424437805,0.574744463,0.424437805,0.769052851,0.488285844,,,,,
2,0,0,14282,724,0,,0,1,,,,,,
3,0,0,14698,308,0,,0,1,,,,,,
4,0,0,14950,56,0,,0,1,,,,,,
5,0,0,14974,32,0,,0,1,,,,,,
6,0,0,14984,22,0,,0,1,,,,,,
7,0,0,15003,3,0,,0,1,,,,,,
8,0,0,15003,3,0,,0,1,,,,,,
9,0,0,15003,3,0,,0,1,,,,,,
Overall,,,,,,,,,,0.592363055,0.22233101,,,77
0,6187,4126,3384,1309,0.825373533,0.599922428,0.825373533,0.450599201,0.694817227,,,,,
1,2693,2000,6647,3666,0.42349426,0.573833369,0.42349426,0.76870591,0.487332609,,,,,
2,0,0,14282,724,0,,0,1,,,,,,
3,0,0,14698,308,0,,0,1,,,,,,
4,0,0,14950,56,0,,0,1,,,,,,
5,0,0,14974,32,0,,0,1,,,,,,
6,0,0,14984,22,0,,0,1,,,,,,
7,0,0,15003,3,0,,0,1,,,,,,
8,0,0,15003,3,0,,0,1,,,,,,
9,0,0,15003,3,0,,0,1,,,,,,
Overall,,,,,,,,,,0.591763295,0.221164311,,,78
0,6194,4131,3379,1302,0.826307364,0.599903148,0.826307364,0.449933422,0.695134953,,,,,
1,2690,1991,6656,3669,0.423022488,0.574663533,0.423022488,0.769746733,0.487318841,,,,,
2,0,0,14282,724,0,,0,1,,,,,,
3,0,0,14698,308,0,,0,1,,,,,,
4,0,0,14950,56,0,,0,1,,,,,,
5,0,0,14974,32,0,,0,1,,,,,,
6,0,0,14984,22,0,,0,1,,,,,,
7,0,0,15003,3,0,,0,1,,,,,,
8,0,0,15003,3,0,,0,1,,,,,,
9,0,0,15003,3,0,,0,1,,,,,,
Overall,,,,,,,,,,0.592029855,0.221582873,,,79
0,6193,4128,3382,1303,0.826173959,0.600038756,0.826173959,0.450332889,0.695178762,,,,,
1,2692,1993,6654,3667,0.423337003,0.574599787,0.423337003,0.769515439,0.487504527,,,,,
2,0,0,14282,724,0,,0,1,,,,,,
3,0,0,14698,308,0,,0,1,,,,,,
4,0,0,14950,56,0,,0,1,,,,,,
5,0,0,14974,32,0,,0,1,,,,,,
6,0,0,14984,22,0,,0,1,,,,,,
7,0,0,15003,3,0,,0,1,,,,,,
8,0,0,15003,3,0,,0,1,,,,,,
9,0,0,15003,3,0,,0,1,,,,,,
Overall,,,,,,,,,,0.592096495,0.221740015,,,80
0,6192,4138,3372,1304,0.826040555,0.599419167,0.826040555,0.449001332,0.694715584,,,,,
1,2684,1992,6655,3675,0.422078943,0.573994867,0.422078943,0.769631086,0.486452198,,,,,
2,0,0,14282,724,0,,0,1,,,,,,
3,0,0,14698,308,0,,0,1,,,,,,
4,0,0,14950,56,0,,0,1,,,,,,
5,0,0,14974,32,0,,0,1,,,,,,
6,0,0,14984,22,0,,0,1,,,,,,
7,0,0,15003,3,0,,0,1,,,,,,
8,0,0,15003,3,0,,0,1,,,,,,
9,0,0,15003,3,0,,0,1,,,,,,
Overall,,,,,,,,,,0.591496735,0.220528119,,,81
0,6192,4155,3355,1304,0.826040555,0.598434329,0.826040555,0.446737683,0.694053691,,,,,
1,2671,1988,6659,3688,0.420034597,0.573298991,0.420034597,0.770093674,0.484842984,,,,,
2,0,0,14282,724,0,,0,1,,,,,,
3,0,0,14698,308,0,,0,1,,,,,,
4,0,0,14950,56,0,,0,1,,,,,,
5,0,0,14974,32,0,,0,1,,,,,,
6,0,0,14984,22,0,,0,1,,,,,,
7,0,0,15003,3,0,,0,1,,,,,,
8,0,0,15003,3,0,,0,1,,,,,,
9,0,0,15003,3,0,,0,1,,,,,,
Overall,,,,,,,,,,0.590630415,0.218747118,,,82
0,6193,4156,3354,1303,0.826173959,0.598415306,0.826173959,0.446604527,0.69408798,,,,,
1,2672,1985,6662,3687,0.420191854,0.573759931,0.420191854,0.770440615,0.485112564,,,,,
2,0,0,14282,724,0,,0,1,,,,,,
3,0,0,14698,308,0,,0,1,,,,,,
4,0,0,14950,56,0,,0,1,,,,,,
5,0,0,14974,32,0,,0,1,,,,,,
6,0,0,14984,22,0,,0,1,,,,,,
7,0,0,15003,3,0,,0,1,,,,,,
8,0,0,15003,3,0,,0,1,,,,,,
9,0,0,15003,3,0,,0,1,,,,,,
Overall,,,,,,,,,,0.590763695,0.218986422,,,83
0,6199,4166,3344,1297,0.826974386,0.598070429,0.826974386,0.445272969,0.694138066,,,,,
1,2661,1980,6667,3698,0.418462022,0.573367809,0.418462022,0.77101885,0.483818182,,,,,
2,0,0,14282,724,0,,0,1,,,,,,
3,0,0,14698,308,0,,0,1,,,,,,
4,0,0,14950,56,0,,0,1,,,,,,
5,0,0,14974,32,0,,0,1,,,,,,
6,0,0,14984,22,0,,0,1,,,,,,
7,0,0,15003,3,0,,0,1,,,,,,
8,0,0,15003,3,0,,0,1,,,,,,
9,0,0,15003,3,0,,0,1,,,,,,
Overall,,,,,,,,,,0.590430494,0.218229985,,,84
0,6200,4173,3337,1296,0.827107791,0.597705582,0.827107791,0.444340879,0.693939224,,,,,
1,2656,1977,6670,3703,0.417675735,0.573278653,0.417675735,0.771365792,0.483260553,,,,,
2,0,0,14282,724,0,,0,1,,,,,,
3,0,0,14698,308,0,,0,1,,,,,,
4,0,0,14950,56,0,,0,1,,,,,,
5,0,0,14974,32,0,,0,1,,,,,,
6,0,0,14984,22,0,,0,1,,,,,,
7,0,0,15003,3,0,,0,1,,,,,,
8,0,0,15003,3,0,,0,1,,,,,,
9,0,0,15003,3,0,,0,1,,,,,,
Overall,,,,,,,,,,0.590163934,0.217660865,,,85
0,6203,4195,3315,1293,0.827508004,0.59655703,0.827508004,0.441411451,0.693305018,,,,,
1,2637,1971,6676,3722,0.414687844,0.572265625,0.414687844,0.772059674,0.480897237,,,,,
2,0,0,14282,724,0,,0,1,,,,,,
3,0,0,14698,308,0,,0,1,,,,,,
4,0,0,14950,56,0,,0,1,,,,,,
5,0,0,14974,32,0,,0,1,,,,,,
6,0,0,14984,22,0,,0,1,,,,,,
7,0,0,15003,3,0,,0,1,,,,,,
8,0,0,15003,3,0,,0,1,,,,,,
9,0,0,15003,3,0,,0,1,,,,,,
Overall,,,,,,,,,,0.589097694,0.215436459,,,86
0,6198,4196,3314,1298,0.826840982,0.596305561,0.826840982,0.441278296,0.692901062,,,,,
1,2634,1978,6669,3725,0.414216072,0.57111882,0.414216072,0.771250145,0.480175007,,,,,
2,0,0,14282,724,0,,0,1,,,,,,
3,0,0,14698,308,0,,0,1,,,,,,
4,0,0,14950,56,0,,0,1,,,,,,
5,0,0,14974,32,0,,0,1,,,,,,
6,0,0,14984,22,0,,0,1,,,,,,
7,0,0,15003,3,0,,0,1,,,,,,
8,0,0,15003,3,0,,0,1,,,,,,
9,0,0,15003,3,0,,0,1,,,,,,
Overall,,,,,,,,,,0.588564574,0.21444883,,,87
0,6195,4206,3304,1301,0.826440768,0.595615806,0.826440768,0.439946738,0.692294798,,,,,
1,2625,1980,6667,3734,0.412800755,0.570032573,0.412800755,0.77101885,0.478839839,,,,,
2,0,0,14282,724,0,,0,1,,,,,,
3,0,0,14698,308,0,,0,1,,,,,,
4,0,0,14950,56,0,,0,1,,,,,,
5,0,0,14974,32,0,,0,1,,,,,,
6,0,0,14984,22,0,,0,1,,,,,,
7,0,0,15003,3,0,,0,1,,,,,,
8,0,0,15003,3,0,,0,1,,,,,,
9,0,0,15003,3,0,,0,1,,,,,,
Overall,,,,,,,,,,0.587764894,0.212868887,,,88
0,6200,4216,3294,1296,0.827107791,0.595238095,0.827107791,0.43861518,0.692273336,,,,,
1,2617,1973,6674,3742,0.411542695,0.570152505,0.411542695,0.77182838,0.478034524,,,,,
2,0,0,14282,724,0,,0,1,,,,,,
3,0,0,14698,308,0,,0,1,,,,,,
4,0,0,14950,56,0,,0,1,,,,,,
5,0,0,14974,32,0,,0,1,,,,,,
6,0,0,14984,22,0,,0,1,,,,,,
7,0,0,15003,3,0,,0,1,,,,,,
8,0,0,15003,3,0,,0,1,,,,,,
9,0,0,15003,3,0,,0,1,,,,,,
Overall,,,,,,,,,,0.587564974,0.21237325,,,89
0,6200,4220,3290,1296,0.827107791,0.595009597,0.827107791,0.438082557,0.692118777,,,,,
1,2619,1967,6680,3740,0.41185721,0.571085914,0.41185721,0.772522262,0.478574692,,,,,
2,0,0,14282,724,0,,0,1,,,,,,
3,0,0,14698,308,0,,0,1,,,,,,
4,0,0,14950,56,0,,0,1,,,,,,
5,0,0,14974,32,0,,0,1,,,,,,
6,0,0,14984,22,0,,0,1,,,,,,
7,0,0,15003,3,0,,0,1,,,,,,
8,0,0,15003,3,0,,0,1,,,,,,
9,0,0,15003,3,0,,0,1,,,,,,
Overall,,,,,,,,,,0.587698254,0.212597404,,,90
0,6205,4220,3290,1291,0.827774813,0.595203837,0.827774813,0.438082557,0.692483678,,,,,
1,2619,1962,6685,3740,0.41185721,0.571709234,0.41185721,0.773100497,0.478793419,,,,,
2,0,0,14282,724,0,,0,1,,,,,,
3,0,0,14698,308,0,,0,1,,,,,,
4,0,0,14950,56,0,,0,1,,,,,,
5,0,0,14974,32,0,,0,1,,,,,,
6,0,0,14984,22,0,,0,1,,,,,,
7,0,0,15003,3,0,,0,1,,,,,,
8,0,0,15003,3,0,,0,1,,,,,,
9,0,0,15003,3,0,,0,1,,,,,,
Overall,,,,,,,,,,0.588031454,0.213195804,,,91
0,6204,4227,3283,1292,0.827641409,0.594765603,0.827641409,0.437150466,0.692140347,,,,,
1,2612,1963,6684,3747,0.410756408,0.570928962,0.410756408,0.77298485,0.477775745,,,,,
2,0,0,14282,724,0,,0,1,,,,,,
3,0,0,14698,308,0,,0,1,,,,,,
4,0,0,14950,56,0,,0,1,,,,,,
5,0,0,14974,32,0,,0,1,,,,,,
6,0,0,14984,22,0,,0,1,,,,,,
7,0,0,15003,3,0,,0,1,,,,,,
8,0,0,15003,3,0,,0,1,,,,,,
9,0,0,15003,3,0,,0,1,,,,,,
Overall,,,,,,,,,,0.587498334,0.212132031,,,92
0,6200,4236,3274,1296,0.827107791,0.594097355,0.827107791,0.435952064,0.691501227,,,,,
1,2599,1971,6676,3760,0.408712062,0.568708972,0.408712062,0.772059674,0.475615335,,,,,
2,0,0,14282,724,0,,0,1,,,,,,
3,0,0,14698,308,0,,0,1,,,,,,
4,0,0,14950,56,0,,0,1,,,,,,
5,0,0,14974,32,0,,0,1,,,,,,
6,0,0,14984,22,0,,0,1,,,,,,
7,0,0,15003,3,0,,0,1,,,,,,
8,0,0,15003,3,0,,0,1,,,,,,
9,0,0,15003,3,0,,0,1,,,,,,
Overall,,,,,,,,,,0.586365454,0.20993016,,,93
0,6202,4238,3272,1294,0.8273746,0.594061303,0.8273746,0.435685752,0.691570027,,,,,
1,2603,1963,6684,3756,0.409341091,0.570083224,0.409341091,0.77298485,0.476521739,,,,,
2,0,0,14282,724,0,,0,1,,,,,,
3,0,0,14698,308,0,,0,1,,,,,,
4,0,0,14950,56,0,,0,1,,,,,,
5,0,0,14974,32,0,,0,1,,,,,,
6,0,0,14984,22,0,,0,1,,,,,,
7,0,0,15003,3,0,,0,1,,,,,,
8,0,0,15003,3,0,,0,1,,,,,,
9,0,0,15003,3,0,,0,1,,,,,,
Overall,,,,,,,,,,0.586765294,0.210663431,,,94
0,6197,4228,3282,1299,0.826707577,0.594436451,0.826707577,0.43701731,0.691590871,,,,,
1,2613,1968,6679,3746,0.410913666,0.570399476,0.410913666,0.772406615,0.477696527,,,,,
2,0,0,14282,724,0,,0,1,,,,,,
3,0,0,14698,308,0,,0,1,,,,,,
4,0,0,14950,56,0,,0,1,,,,,,
5,0,0,14974,32,0,,0,1,,,,,,
6,0,0,14984,22,0,,0,1,,,,,,
7,0,0,15003,3,0,,0,1,,,,,,
8,0,0,15003,3,0,,0,1,,,,,,
9,0,0,15003,3,0,,0,1,,,,,,
Overall,,,,,,,,,,0.587098494,0.211413977,,,95
0,6204,4231,3279,1292,0.827641409,0.594537614,0.827641409,0.436617843,0.691985946,,,,,
1,2611,1960,6687,3748,0.410599151,0.571209801,0.410599151,0.773331791,0.477767612,,,,,
2,0,0,14282,724,0,,0,1,,,,,,
3,0,0,14698,308,0,,0,1,,,,,,
4,0,0,14950,56,0,,0,1,,,,,,
5,0,0,14974,32,0,,0,1,,,,,,
6,0,0,14984,22,0,,0,1,,,,,,
7,0,0,15003,3,0,,0,1,,,,,,
8,0,0,15003,3,0,,0,1,,,,,,
9,0,0,15003,3,0,,0,1,,,,,,
Overall,,,,,,,,,,0.587431694,0.211974351,,,96
0,6202,4235,3275,1294,0.8273746,0.594232059,0.8273746,0.43608522,0.691685719,,,,,
1,2608,1961,6686,3751,0.410127379,0.570803239,0.410127379,0.773216144,0.477306003,,,,,
2,0,0,14282,724,0,,0,1,,,,,,
3,0,0,14698,308,0,,0,1,,,,,,
4,0,0,14950,56,0,,0,1,,,,,,
5,0,0,14974,32,0,,0,1,,,,,,
6,0,0,14984,22,0,,0,1,,,,,,
7,0,0,15003,3,0,,0,1,,,,,,
8,0,0,15003,3,0,,0,1,,,,,,
9,0,0,15003,3,0,,0,1,,,,,,
Overall,,,,,,,,,,0.587098494,0.21132271,,,97
0,6200,4248,3262,1296,0.827107791,0.593415008,0.827107791,0.434354194,0.691038787,,,,,
1,2595,1963,6684,3764,0.408083032,0.569328653,0.408083032,0.77298485,0.475405331,,,,,
2,0,0,14282,724,0,,0,1,,,,,,
3,0,0,14698,308,0,,0,1,,,,,,
4,0,0,14950,56,0,,0,1,,,,,,
5,0,0,14974,32,0,,0,1,,,,,,
6,0,0,14984,22,0,,0,1,,,,,,
7,0,0,15003,3,0,,0,1,,,,,,
8,0,0,15003,3,0,,0,1,,,,,,
9,0,0,15003,3,0,,0,1,,,,,,
Overall,,,,,,,,,,0.586098894,0.209329505,,,98
0,6199,4249,3261,1297,0.826974386,0.593319296,0.826974386,0.434221039,0.690927329,,,,,
1,2591,1967,6680,3768,0.407454002,0.568451075,0.407454002,0.772522262,0.474672529,,,,,
2,0,0,14282,724,0,,0,1,,,,,,
3,0,0,14698,308,0,,0,1,,,,,,
4,0,0,14950,56,0,,0,1,,,,,,
5,0,0,14974,32,0,,0,1,,,,,,
6,0,0,14984,22,0,,0,1,,,,,,
7,0,0,15003,3,0,,0,1,,,,,,
8,0,0,15003,3,0,,0,1,,,,,,
9,0,0,15003,3,0,,0,1,,,,,,
Overall,,,,,,,,,,0.585765694,0.208692997,,,99
0,6198,4248,3262,1298,0.826840982,0.593337163,0.826840982,0.434354194,0.690892877,,,,,
1,2590,1970,6677,3769,0.407296745,0.567982456,0.407296745,0.772175321,0.474402418,,,,,
2,0,0,14282,724,0,,0,1,,,,,,
3,0,0,14698,308,0,,0,1,,,,,,
4,0,0,14950,56,0,,0,1,,,,,,
5,0,0,14974,32,0,,0,1,,,,,,
6,0,0,14984,22,0,,0,1,,,,,,
7,0,0,15003,3,0,,0,1,,,,,,
8,0,0,15003,3,0,,0,1,,,,,,
9,0,0,15003,3,0,,0,1,,,,,,
Overall,,,,,,,,,,0.585632414,0.208453664,,,100
